{
  "campaign": "demo",
  "n_targets": 5,
  "n_replicas": 8,
  "n_generations": 20,
  "temperatures": [
    298.0,
    329.3332256267787,
    363.9609849051635,
    402.22968174871414,
    444.52214272864654,
    491.2614467360822,
    542.9151573143351,
    600.0000000000001
  ],
  "targets": {
    "1a30": {
      "dH_fit": -16.673459870439018,
      "dS_fit": 1.1262176832562005,
      "dG_fit": -17.009241672701854,
      "dCp_fit": -337.5782906872738,
      "r_squared": 0.9999219305259893
    },
    "1err": {
      "dH_fit": -16.17074420330084,
      "dS_fit": -0.5314718142590245,
      "dG_fit": -16.01228588187951,
      "dCp_fit": -286.57205493291855,
      "r_squared": 0.9999109909345449
    },
    "2bm2": {
      "dH_fit": -12.083552340880372,
      "dS_fit": 12.312198059290017,
      "dG_fit": -15.75443419225769,
      "dCp_fit": -197.5461958050142,
      "r_squared": 0.9992173011238707
    },
    "3htb": {
      "dH_fit": -9.253058198149883,
      "dS_fit": 19.130494788655316,
      "dG_fit": -14.956815219387465,
      "dCp_fit": -149.68326173958388,
      "r_squared": 0.9997085677761613
    },
    "4djh": {
      "dH_fit": -21.084484253475086,
      "dS_fit": -10.056897829678244,
      "dG_fit": -18.08602016555652,
      "dCp_fit": -412.7477621961457,
      "r_squared": 0.9999428506781428
    }
  }
}